3,-20,QUVJkB5wsDHXM5a0iGzTFo079u4=,pyCPlsQtBWH9D9SDAnt0NWEds+k=
2,-20,QUVJkB5wsDHXM5a0iGzTFo079u4=,pyCPlsQtBWH9D9SDAnt0NWEds+k=
4,-32,QUVJkB5wsDHXM5a0iGzTFo079u4=,pyCPlsQtBWH9D9SDAnt0NWEds+k=
9,-26,QUVJkB5wsDHXM5a0iGzTFo079u4=,pyCPlsQtBWH9D9SDAnt0NWEds+k=
7,-26,QUVJkB5wsDHXM5a0iGzTFo079u4=,pyCPlsQtBWH9D9SDAnt0NWEds+k=
8,-26,QUVJkB5wsDHXM5a0iGzTFo079u4=,pyCPlsQtBWH9D9SDAnt0NWEds+k=
9,-21,QUVJkB5wsDHXM5a0iGzTFo079u4=,pyCPlsQtBWH9D9SDAnt0NWEds+k=
6,-26,QUVJkB5wsDHXM5a0iGzTFo079u4=,pyCPlsQtBWH9D9SDAnt0NWEds+k=
11,-21,QUVJkB5wsDHXM5a0iGzTFo079u4=,pyCPlsQtBWH9D9SDAnt0NWEds+k=
2,-26,QUVJkB5wsDHXM5a0iGzTFo079u4=,pyCPlsQtBWH9D9SDAnt0NWEds+k=
5,-26,QUVJkB5wsDHXM5a0iGzTFo079u4=,pyCPlsQtBWH9D9SDAnt0NWEds+k=
4,-26,QUVJkB5wsDHXM5a0iGzTFo079u4=,pyCPlsQtBWH9D9SDAnt0NWEds+k=
10,-21,QUVJkB5wsDHXM5a0iGzTFo079u4=,pyCPlsQtBWH9D9SDAnt0NWEds+k=
3,-26,QUVJkB5wsDHXM5a0iGzTFo079u4=,pyCPlsQtBWH9D9SDAnt0NWEds+k=
6,-31,QUVJkB5wsDHXM5a0iGzTFo079u4=,pyCPlsQtBWH9D9SDAnt0NWEds+k=
7,-21,QUVJkB5wsDHXM5a0iGzTFo079u4=,pyCPlsQtBWH9D9SDAnt0NWEds+k=
5,-21,QUVJkB5wsDHXM5a0iGzTFo079u4=,pyCPlsQtBWH9D9SDAnt0NWEds+k=
6,-21,QUVJkB5wsDHXM5a0iGzTFo079u4=,pyCPlsQtBWH9D9SDAnt0NWEds+k=
8,-21,QUVJkB5wsDHXM5a0iGzTFo079u4=,pyCPlsQtBWH9D9SDAnt0NWEds+k=
7,-31,QUVJkB5wsDHXM5a0iGzTFo079u4=,pyCPlsQtBWH9D9SDAnt0NWEds+k=
4,-21,QUVJkB5wsDHXM5a0iGzTFo079u4=,pyCPlsQtBWH9D9SDAnt0NWEds+k=
3,-21,QUVJkB5wsDHXM5a0iGzTFo079u4=,pyCPlsQtBWH9D9SDAnt0NWEds+k=
0,-21,QUVJkB5wsDHXM5a0iGzTFo079u4=,pyCPlsQtBWH9D9SDAnt0NWEds+k=
8,-31,QUVJkB5wsDHXM5a0iGzTFo079u4=,pyCPlsQtBWH9D9SDAnt0NWEds+k=
11,-22,QUVJkB5wsDHXM5a0iGzTFo079u4=,pyCPlsQtBWH9D9SDAnt0NWEds+k=
2,-21,QUVJkB5wsDHXM5a0iGzTFo079u4=,pyCPlsQtBWH9D9SDAnt0NWEds+k=
1,-21,QUVJkB5wsDHXM5a0iGzTFo079u4=,pyCPlsQtBWH9D9SDAnt0NWEds+k=
10,-22,QUVJkB5wsDHXM5a0iGzTFo079u4=,pyCPlsQtBWH9D9SDAnt0NWEds+k=
9,-31,QUVJkB5wsDHXM5a0iGzTFo079u4=,pyCPlsQtBWH9D9SDAnt0NWEds+k=
9,-22,QUVJkB5wsDHXM5a0iGzTFo079u4=,pyCPlsQtBWH9D9SDAnt0NWEds+k=
8,-22,QUVJkB5wsDHXM5a0iGzTFo079u4=,pyCPlsQtBWH9D9SDAnt0NWEds+k=
10,-31,QUVJkB5wsDHXM5a0iGzTFo079u4=,pyCPlsQtBWH9D9SDAnt0NWEds+k=
7,-22,QUVJkB5wsDHXM5a0iGzTFo079u4=,pyCPlsQtBWH9D9SDAnt0NWEds+k=
6,-22,QUVJkB5wsDHXM5a0iGzTFo079u4=,pyCPlsQtBWH9D9SDAnt0NWEds+k=
5,-22,QUVJkB5wsDHXM5a0iGzTFo079u4=,pyCPlsQtBWH9D9SDAnt0NWEds+k=
11,-31,QUVJkB5wsDHXM5a0iGzTFo079u4=,pyCPlsQtBWH9D9SDAnt0NWEds+k=
11,-17,QUVJkB5wsDHXM5a0iGzTFo079u4=,pyCPlsQtBWH9D9SDAnt0NWEds+k=
3,-22,QUVJkB5wsDHXM5a0iGzTFo079u4=,pyCPlsQtBWH9D9SDAnt0NWEds+k=
4,-22,QUVJkB5wsDHXM5a0iGzTFo079u4=,pyCPlsQtBWH9D9SDAnt0NWEds+k=
12,-21,QUVJkB5wsDHXM5a0iGzTFo079u4=,pyCPlsQtBWH9D9SDAnt0NWEds+k=
12,-17,QUVJkB5wsDHXM5a0iGzTFo079u4=,pyCPlsQtBWH9D9SDAnt0NWEds+k=
12,-31,QUVJkB5wsDHXM5a0iGzTFo079u4=,pyCPlsQtBWH9D9SDAnt0NWEds+k=
12,-22,QUVJkB5wsDHXM5a0iGzTFo079u4=,pyCPlsQtBWH9D9SDAnt0NWEds+k=
12,-27,QUVJkB5wsDHXM5a0iGzTFo079u4=,pyCPlsQtBWH9D9SDAnt0NWEds+k=
2,-22,QUVJkB5wsDHXM5a0iGzTFo079u4=,pyCPlsQtBWH9D9SDAnt0NWEds+k=
2,-17,QUVJkB5wsDHXM5a0iGzTFo079u4=,pyCPlsQtBWH9D9SDAnt0NWEds+k=
11,-18,QUVJkB5wsDHXM5a0iGzTFo079u4=,pyCPlsQtBWH9D9SDAnt0NWEds+k=
12,-18,QUVJkB5wsDHXM5a0iGzTFo079u4=,pyCPlsQtBWH9D9SDAnt0NWEds+k=
10,-18,QUVJkB5wsDHXM5a0iGzTFo079u4=,pyCPlsQtBWH9D9SDAnt0NWEds+k=
1,-26,QUVJkB5wsDHXM5a0iGzTFo079u4=,pyCPlsQtBWH9D9SDAnt0NWEds+k=
1,-22,QUVJkB5wsDHXM5a0iGzTFo079u4=,pyCPlsQtBWH9D9SDAnt0NWEds+k=
0,-22,QUVJkB5wsDHXM5a0iGzTFo079u4=,pyCPlsQtBWH9D9SDAnt0NWEds+k=
12,-19,QUVJkB5wsDHXM5a0iGzTFo079u4=,pyCPlsQtBWH9D9SDAnt0NWEds+k=
11,-19,QUVJkB5wsDHXM5a0iGzTFo079u4=,pyCPlsQtBWH9D9SDAnt0NWEds+k=
10,-19,QUVJkB5wsDHXM5a0iGzTFo079u4=,pyCPlsQtBWH9D9SDAnt0NWEds+k=
1,-20,QUVJkB5wsDHXM5a0iGzTFo079u4=,pyCPlsQtBWH9D9SDAnt0NWEds+k=
12,-23,QUVJkB5wsDHXM5a0iGzTFo079u4=,pyCPlsQtBWH9D9SDAnt0NWEds+k=
3,-19,QUVJkB5wsDHXM5a0iGzTFo079u4=,pyCPlsQtBWH9D9SDAnt0NWEds+k=
2,-19,QUVJkB5wsDHXM5a0iGzTFo079u4=,pyCPlsQtBWH9D9SDAnt0NWEds+k=
9,-19,QUVJkB5wsDHXM5a0iGzTFo079u4=,pyCPlsQtBWH9D9SDAnt0NWEds+k=
12,-20,QUVJkB5wsDHXM5a0iGzTFo079u4=,pyCPlsQtBWH9D9SDAnt0NWEds+k=
11,-20,QUVJkB5wsDHXM5a0iGzTFo079u4=,pyCPlsQtBWH9D9SDAnt0NWEds+k=
10,-20,QUVJkB5wsDHXM5a0iGzTFo079u4=,pyCPlsQtBWH9D9SDAnt0NWEds+k=
9,-20,QUVJkB5wsDHXM5a0iGzTFo079u4=,pyCPlsQtBWH9D9SDAnt0NWEds+k=
8,-20,QUVJkB5wsDHXM5a0iGzTFo079u4=,pyCPlsQtBWH9D9SDAnt0NWEds+k=
11,-23,QUVJkB5wsDHXM5a0iGzTFo079u4=,pyCPlsQtBWH9D9SDAnt0NWEds+k=
10,-23,QUVJkB5wsDHXM5a0iGzTFo079u4=,pyCPlsQtBWH9D9SDAnt0NWEds+k=
2,-18,QUVJkB5wsDHXM5a0iGzTFo079u4=,pyCPlsQtBWH9D9SDAnt0NWEds+k=
3,-18,QUVJkB5wsDHXM5a0iGzTFo079u4=,pyCPlsQtBWH9D9SDAnt0NWEds+k=
9,-23,QUVJkB5wsDHXM5a0iGzTFo079u4=,pyCPlsQtBWH9D9SDAnt0NWEds+k=
5,-20,QUVJkB5wsDHXM5a0iGzTFo079u4=,pyCPlsQtBWH9D9SDAnt0NWEds+k=
4,-20,QUVJkB5wsDHXM5a0iGzTFo079u4=,pyCPlsQtBWH9D9SDAnt0NWEds+k=
11,-27,QUVJkB5wsDHXM5a0iGzTFo079u4=,pyCPlsQtBWH9D9SDAnt0NWEds+k=
10,-27,QUVJkB5wsDHXM5a0iGzTFo079u4=,pyCPlsQtBWH9D9SDAnt0NWEds+k=
8,-23,QUVJkB5wsDHXM5a0iGzTFo079u4=,pyCPlsQtBWH9D9SDAnt0NWEds+k=
7,-23,QUVJkB5wsDHXM5a0iGzTFo079u4=,pyCPlsQtBWH9D9SDAnt0NWEds+k=
9,-27,QUVJkB5wsDHXM5a0iGzTFo079u4=,pyCPlsQtBWH9D9SDAnt0NWEds+k=
5,-23,QUVJkB5wsDHXM5a0iGzTFo079u4=,pyCPlsQtBWH9D9SDAnt0NWEds+k=
6,-23,QUVJkB5wsDHXM5a0iGzTFo079u4=,pyCPlsQtBWH9D9SDAnt0NWEds+k=
8,-27,QUVJkB5wsDHXM5a0iGzTFo079u4=,pyCPlsQtBWH9D9SDAnt0NWEds+k=
4,-23,QUVJkB5wsDHXM5a0iGzTFo079u4=,pyCPlsQtBWH9D9SDAnt0NWEds+k=
3,-23,QUVJkB5wsDHXM5a0iGzTFo079u4=,pyCPlsQtBWH9D9SDAnt0NWEds+k=
2,-23,QUVJkB5wsDHXM5a0iGzTFo079u4=,pyCPlsQtBWH9D9SDAnt0NWEds+k=
7,-27,QUVJkB5wsDHXM5a0iGzTFo079u4=,pyCPlsQtBWH9D9SDAnt0NWEds+k=
6,-27,QUVJkB5wsDHXM5a0iGzTFo079u4=,pyCPlsQtBWH9D9SDAnt0NWEds+k=
1,-23,QUVJkB5wsDHXM5a0iGzTFo079u4=,pyCPlsQtBWH9D9SDAnt0NWEds+k=
0,-23,QUVJkB5wsDHXM5a0iGzTFo079u4=,pyCPlsQtBWH9D9SDAnt0NWEds+k=
6,-20,QUVJkB5wsDHXM5a0iGzTFo079u4=,pyCPlsQtBWH9D9SDAnt0NWEds+k=
5,-27,QUVJkB5wsDHXM5a0iGzTFo079u4=,pyCPlsQtBWH9D9SDAnt0NWEds+k=
11,-24,QUVJkB5wsDHXM5a0iGzTFo079u4=,pyCPlsQtBWH9D9SDAnt0NWEds+k=
4,-27,QUVJkB5wsDHXM5a0iGzTFo079u4=,pyCPlsQtBWH9D9SDAnt0NWEds+k=
2,-27,QUVJkB5wsDHXM5a0iGzTFo079u4=,pyCPlsQtBWH9D9SDAnt0NWEds+k=
3,-27,QUVJkB5wsDHXM5a0iGzTFo079u4=,pyCPlsQtBWH9D9SDAnt0NWEds+k=
10,-24,QUVJkB5wsDHXM5a0iGzTFo079u4=,pyCPlsQtBWH9D9SDAnt0NWEds+k=
9,-24,QUVJkB5wsDHXM5a0iGzTFo079u4=,pyCPlsQtBWH9D9SDAnt0NWEds+k=
8,-24,QUVJkB5wsDHXM5a0iGzTFo079u4=,pyCPlsQtBWH9D9SDAnt0NWEds+k=
7,-24,QUVJkB5wsDHXM5a0iGzTFo079u4=,pyCPlsQtBWH9D9SDAnt0NWEds+k=
6,-24,QUVJkB5wsDHXM5a0iGzTFo079u4=,pyCPlsQtBWH9D9SDAnt0NWEds+k=
5,-24,QUVJkB5wsDHXM5a0iGzTFo079u4=,pyCPlsQtBWH9D9SDAnt0NWEds+k=
4,-24,QUVJkB5wsDHXM5a0iGzTFo079u4=,pyCPlsQtBWH9D9SDAnt0NWEds+k=
3,-24,QUVJkB5wsDHXM5a0iGzTFo079u4=,pyCPlsQtBWH9D9SDAnt0NWEds+k=
2,-24,QUVJkB5wsDHXM5a0iGzTFo079u4=,pyCPlsQtBWH9D9SDAnt0NWEds+k=
1,-27,QUVJkB5wsDHXM5a0iGzTFo079u4=,pyCPlsQtBWH9D9SDAnt0NWEds+k=
12,-24,QUVJkB5wsDHXM5a0iGzTFo079u4=,pyCPlsQtBWH9D9SDAnt0NWEds+k=
7,-20,QUVJkB5wsDHXM5a0iGzTFo079u4=,pyCPlsQtBWH9D9SDAnt0NWEds+k=
1,-24,QUVJkB5wsDHXM5a0iGzTFo079u4=,pyCPlsQtBWH9D9SDAnt0NWEds+k=
12,-25,QUVJkB5wsDHXM5a0iGzTFo079u4=,pyCPlsQtBWH9D9SDAnt0NWEds+k=
12,-28,QUVJkB5wsDHXM5a0iGzTFo079u4=,pyCPlsQtBWH9D9SDAnt0NWEds+k=
10,-25,QUVJkB5wsDHXM5a0iGzTFo079u4=,pyCPlsQtBWH9D9SDAnt0NWEds+k=
11,-25,QUVJkB5wsDHXM5a0iGzTFo079u4=,pyCPlsQtBWH9D9SDAnt0NWEds+k=
8,-25,QUVJkB5wsDHXM5a0iGzTFo079u4=,pyCPlsQtBWH9D9SDAnt0NWEds+k=
9,-25,QUVJkB5wsDHXM5a0iGzTFo079u4=,pyCPlsQtBWH9D9SDAnt0NWEds+k=
7,-25,QUVJkB5wsDHXM5a0iGzTFo079u4=,pyCPlsQtBWH9D9SDAnt0NWEds+k=
6,-25,QUVJkB5wsDHXM5a0iGzTFo079u4=,pyCPlsQtBWH9D9SDAnt0NWEds+k=
5,-25,QUVJkB5wsDHXM5a0iGzTFo079u4=,pyCPlsQtBWH9D9SDAnt0NWEds+k=
4,-25,QUVJkB5wsDHXM5a0iGzTFo079u4=,pyCPlsQtBWH9D9SDAnt0NWEds+k=
11,-28,QUVJkB5wsDHXM5a0iGzTFo079u4=,pyCPlsQtBWH9D9SDAnt0NWEds+k=
3,-25,QUVJkB5wsDHXM5a0iGzTFo079u4=,pyCPlsQtBWH9D9SDAnt0NWEds+k=
2,-25,QUVJkB5wsDHXM5a0iGzTFo079u4=,pyCPlsQtBWH9D9SDAnt0NWEds+k=
7,-19,QUVJkB5wsDHXM5a0iGzTFo079u4=,pyCPlsQtBWH9D9SDAnt0NWEds+k=
1,-25,QUVJkB5wsDHXM5a0iGzTFo079u4=,pyCPlsQtBWH9D9SDAnt0NWEds+k=
10,-28,QUVJkB5wsDHXM5a0iGzTFo079u4=,pyCPlsQtBWH9D9SDAnt0NWEds+k=
2,-32,QUVJkB5wsDHXM5a0iGzTFo079u4=,pyCPlsQtBWH9D9SDAnt0NWEds+k=
12,-26,QUVJkB5wsDHXM5a0iGzTFo079u4=,pyCPlsQtBWH9D9SDAnt0NWEds+k=
1,-32,QUVJkB5wsDHXM5a0iGzTFo079u4=,pyCPlsQtBWH9D9SDAnt0NWEds+k=
0,-24,QUVJkB5wsDHXM5a0iGzTFo079u4=,pyCPlsQtBWH9D9SDAnt0NWEds+k=
5,-31,QUVJkB5wsDHXM5a0iGzTFo079u4=,pyCPlsQtBWH9D9SDAnt0NWEds+k=
9,-28,QUVJkB5wsDHXM5a0iGzTFo079u4=,pyCPlsQtBWH9D9SDAnt0NWEds+k=
8,-28,QUVJkB5wsDHXM5a0iGzTFo079u4=,pyCPlsQtBWH9D9SDAnt0NWEds+k=
4,-31,QUVJkB5wsDHXM5a0iGzTFo079u4=,pyCPlsQtBWH9D9SDAnt0NWEds+k=
7,-28,QUVJkB5wsDHXM5a0iGzTFo079u4=,pyCPlsQtBWH9D9SDAnt0NWEds+k=
6,-28,QUVJkB5wsDHXM5a0iGzTFo079u4=,pyCPlsQtBWH9D9SDAnt0NWEds+k=
5,-28,QUVJkB5wsDHXM5a0iGzTFo079u4=,pyCPlsQtBWH9D9SDAnt0NWEds+k=
11,-26,QUVJkB5wsDHXM5a0iGzTFo079u4=,pyCPlsQtBWH9D9SDAnt0NWEds+k=
3,-32,QUVJkB5wsDHXM5a0iGzTFo079u4=,pyCPlsQtBWH9D9SDAnt0NWEds+k=
10,-26,QUVJkB5wsDHXM5a0iGzTFo079u4=,pyCPlsQtBWH9D9SDAnt0NWEds+k=
3,-31,QUVJkB5wsDHXM5a0iGzTFo079u4=,pyCPlsQtBWH9D9SDAnt0NWEds+k=
2,-31,QUVJkB5wsDHXM5a0iGzTFo079u4=,pyCPlsQtBWH9D9SDAnt0NWEds+k=
1,-31,QUVJkB5wsDHXM5a0iGzTFo079u4=,pyCPlsQtBWH9D9SDAnt0NWEds+k=
4,-17,QUVJkB5wsDHXM5a0iGzTFo079u4=,pyCPlsQtBWH9D9SDAnt0NWEds+k=
3,-17,QUVJkB5wsDHXM5a0iGzTFo079u4=,pyCPlsQtBWH9D9SDAnt0NWEds+k=
11,-32,QUVJkB5wsDHXM5a0iGzTFo079u4=,pyCPlsQtBWH9D9SDAnt0NWEds+k=
4,-28,QUVJkB5wsDHXM5a0iGzTFo079u4=,pyCPlsQtBWH9D9SDAnt0NWEds+k=
12,-32,QUVJkB5wsDHXM5a0iGzTFo079u4=,pyCPlsQtBWH9D9SDAnt0NWEds+k=
10,-32,QUVJkB5wsDHXM5a0iGzTFo079u4=,pyCPlsQtBWH9D9SDAnt0NWEds+k=
8,-32,QUVJkB5wsDHXM5a0iGzTFo079u4=,pyCPlsQtBWH9D9SDAnt0NWEds+k=
9,-32,QUVJkB5wsDHXM5a0iGzTFo079u4=,pyCPlsQtBWH9D9SDAnt0NWEds+k=
7,-32,QUVJkB5wsDHXM5a0iGzTFo079u4=,pyCPlsQtBWH9D9SDAnt0NWEds+k=
6,-32,QUVJkB5wsDHXM5a0iGzTFo079u4=,pyCPlsQtBWH9D9SDAnt0NWEds+k=
3,-28,QUVJkB5wsDHXM5a0iGzTFo079u4=,pyCPlsQtBWH9D9SDAnt0NWEds+k=
5,-32,QUVJkB5wsDHXM5a0iGzTFo079u4=,pyCPlsQtBWH9D9SDAnt0NWEds+k=
2,-28,QUVJkB5wsDHXM5a0iGzTFo079u4=,pyCPlsQtBWH9D9SDAnt0NWEds+k=
1,-28,QUVJkB5wsDHXM5a0iGzTFo079u4=,pyCPlsQtBWH9D9SDAnt0NWEds+k=
11,-29,QUVJkB5wsDHXM5a0iGzTFo079u4=,pyCPlsQtBWH9D9SDAnt0NWEds+k=
12,-29,QUVJkB5wsDHXM5a0iGzTFo079u4=,pyCPlsQtBWH9D9SDAnt0NWEds+k=
10,-29,QUVJkB5wsDHXM5a0iGzTFo079u4=,pyCPlsQtBWH9D9SDAnt0NWEds+k=
9,-29,QUVJkB5wsDHXM5a0iGzTFo079u4=,pyCPlsQtBWH9D9SDAnt0NWEds+k=
8,-29,QUVJkB5wsDHXM5a0iGzTFo079u4=,pyCPlsQtBWH9D9SDAnt0NWEds+k=
7,-29,QUVJkB5wsDHXM5a0iGzTFo079u4=,pyCPlsQtBWH9D9SDAnt0NWEds+k=
6,-29,QUVJkB5wsDHXM5a0iGzTFo079u4=,pyCPlsQtBWH9D9SDAnt0NWEds+k=
5,-29,QUVJkB5wsDHXM5a0iGzTFo079u4=,pyCPlsQtBWH9D9SDAnt0NWEds+k=
4,-29,QUVJkB5wsDHXM5a0iGzTFo079u4=,pyCPlsQtBWH9D9SDAnt0NWEds+k=
3,-29,QUVJkB5wsDHXM5a0iGzTFo079u4=,pyCPlsQtBWH9D9SDAnt0NWEds+k=
2,-29,QUVJkB5wsDHXM5a0iGzTFo079u4=,pyCPlsQtBWH9D9SDAnt0NWEds+k=
1,-29,QUVJkB5wsDHXM5a0iGzTFo079u4=,pyCPlsQtBWH9D9SDAnt0NWEds+k=
0,-32,QUVJkB5wsDHXM5a0iGzTFo079u4=,pyCPlsQtBWH9D9SDAnt0NWEds+k=
11,-30,QUVJkB5wsDHXM5a0iGzTFo079u4=,pyCPlsQtBWH9D9SDAnt0NWEds+k=
12,-30,QUVJkB5wsDHXM5a0iGzTFo079u4=,pyCPlsQtBWH9D9SDAnt0NWEds+k=
10,-30,QUVJkB5wsDHXM5a0iGzTFo079u4=,pyCPlsQtBWH9D9SDAnt0NWEds+k=
9,-30,QUVJkB5wsDHXM5a0iGzTFo079u4=,pyCPlsQtBWH9D9SDAnt0NWEds+k=
8,-30,QUVJkB5wsDHXM5a0iGzTFo079u4=,pyCPlsQtBWH9D9SDAnt0NWEds+k=
7,-30,QUVJkB5wsDHXM5a0iGzTFo079u4=,pyCPlsQtBWH9D9SDAnt0NWEds+k=
6,-30,QUVJkB5wsDHXM5a0iGzTFo079u4=,pyCPlsQtBWH9D9SDAnt0NWEds+k=
5,-30,QUVJkB5wsDHXM5a0iGzTFo079u4=,pyCPlsQtBWH9D9SDAnt0NWEds+k=
4,-30,QUVJkB5wsDHXM5a0iGzTFo079u4=,pyCPlsQtBWH9D9SDAnt0NWEds+k=
2,-30,QUVJkB5wsDHXM5a0iGzTFo079u4=,pyCPlsQtBWH9D9SDAnt0NWEds+k=
3,-30,QUVJkB5wsDHXM5a0iGzTFo079u4=,pyCPlsQtBWH9D9SDAnt0NWEds+k=
1,-30,QUVJkB5wsDHXM5a0iGzTFo079u4=,pyCPlsQtBWH9D9SDAnt0NWEds+k=
0,-20,QUVJkB5wsDHXM5a0iGzTFo079u4=,pyCPlsQtBWH9D9SDAnt0NWEds+k=
10,-17,QUVJkB5wsDHXM5a0iGzTFo079u4=,pyCPlsQtBWH9D9SDAnt0NWEds+k=
0,-25,QUVJkB5wsDHXM5a0iGzTFo079u4=,pyCPlsQtBWH9D9SDAnt0NWEds+k=
9,-17,QUVJkB5wsDHXM5a0iGzTFo079u4=,pyCPlsQtBWH9D9SDAnt0NWEds+k=
4,-19,QUVJkB5wsDHXM5a0iGzTFo079u4=,pyCPlsQtBWH9D9SDAnt0NWEds+k=
0,-26,QUVJkB5wsDHXM5a0iGzTFo079u4=,pyCPlsQtBWH9D9SDAnt0NWEds+k=
0,-31,QUVJkB5wsDHXM5a0iGzTFo079u4=,pyCPlsQtBWH9D9SDAnt0NWEds+k=
0,-28,QUVJkB5wsDHXM5a0iGzTFo079u4=,pyCPlsQtBWH9D9SDAnt0NWEds+k=
7,-18,QUVJkB5wsDHXM5a0iGzTFo079u4=,pyCPlsQtBWH9D9SDAnt0NWEds+k=
0,-30,QUVJkB5wsDHXM5a0iGzTFo079u4=,pyCPlsQtBWH9D9SDAnt0NWEds+k=
9,-18,QUVJkB5wsDHXM5a0iGzTFo079u4=,pyCPlsQtBWH9D9SDAnt0NWEds+k=
6,-18,QUVJkB5wsDHXM5a0iGzTFo079u4=,pyCPlsQtBWH9D9SDAnt0NWEds+k=
8,-19,QUVJkB5wsDHXM5a0iGzTFo079u4=,pyCPlsQtBWH9D9SDAnt0NWEds+k=
0,-29,QUVJkB5wsDHXM5a0iGzTFo079u4=,pyCPlsQtBWH9D9SDAnt0NWEds+k=
6,-19,QUVJkB5wsDHXM5a0iGzTFo079u4=,pyCPlsQtBWH9D9SDAnt0NWEds+k=
8,-18,QUVJkB5wsDHXM5a0iGzTFo079u4=,pyCPlsQtBWH9D9SDAnt0NWEds+k=
4,-18,QUVJkB5wsDHXM5a0iGzTFo079u4=,pyCPlsQtBWH9D9SDAnt0NWEds+k=
5,-19,QUVJkB5wsDHXM5a0iGzTFo079u4=,pyCPlsQtBWH9D9SDAnt0NWEds+k=
6,-17,QUVJkB5wsDHXM5a0iGzTFo079u4=,pyCPlsQtBWH9D9SDAnt0NWEds+k=
1,-18,QUVJkB5wsDHXM5a0iGzTFo079u4=,pyCPlsQtBWH9D9SDAnt0NWEds+k=
1,-19,QUVJkB5wsDHXM5a0iGzTFo079u4=,pyCPlsQtBWH9D9SDAnt0NWEds+k=
7,-17,QUVJkB5wsDHXM5a0iGzTFo079u4=,pyCPlsQtBWH9D9SDAnt0NWEds+k=
0,-19,QUVJkB5wsDHXM5a0iGzTFo079u4=,pyCPlsQtBWH9D9SDAnt0NWEds+k=
0,-18,QUVJkB5wsDHXM5a0iGzTFo079u4=,pyCPlsQtBWH9D9SDAnt0NWEds+k=
1,-17,QUVJkB5wsDHXM5a0iGzTFo079u4=,pyCPlsQtBWH9D9SDAnt0NWEds+k=
0,-17,QUVJkB5wsDHXM5a0iGzTFo079u4=,pyCPlsQtBWH9D9SDAnt0NWEds+k=
5,-18,QUVJkB5wsDHXM5a0iGzTFo079u4=,pyCPlsQtBWH9D9SDAnt0NWEds+k=
5,-17,QUVJkB5wsDHXM5a0iGzTFo079u4=,pyCPlsQtBWH9D9SDAnt0NWEds+k=
8,-17,QUVJkB5wsDHXM5a0iGzTFo079u4=,pyCPlsQtBWH9D9SDAnt0NWEds+k=
0,-27,QUVJkB5wsDHXM5a0iGzTFo079u4=,pyCPlsQtBWH9D9SDAnt0NWEds+k=
11,-1,QUVJkB5wsDHXM5a0iGzTFo079u4=,UB8pQlsjLQRFs/HFAmjsgmBK2Gw=
10,-1,QUVJkB5wsDHXM5a0iGzTFo079u4=,UB8pQlsjLQRFs/HFAmjsgmBK2Gw=
9,-1,QUVJkB5wsDHXM5a0iGzTFo079u4=,UB8pQlsjLQRFs/HFAmjsgmBK2Gw=
7,-1,QUVJkB5wsDHXM5a0iGzTFo079u4=,UB8pQlsjLQRFs/HFAmjsgmBK2Gw=
8,-1,QUVJkB5wsDHXM5a0iGzTFo079u4=,UB8pQlsjLQRFs/HFAmjsgmBK2Gw=
6,-1,e+umhlrFl1kXJjf4Ajb6MIOLpwQ=,UB8pQlsjLQRFs/HFAmjsgmBK2Gw=
12,-1,e+umhlrFl1kXJjf4Ajb6MIOLpwQ=,UB8pQlsjLQRFs/HFAmjsgmBK2Gw=
5,-1,e+umhlrFl1kXJjf4Ajb6MIOLpwQ=,UB8pQlsjLQRFs/HFAmjsgmBK2Gw=
12,-2,e+umhlrFl1kXJjf4Ajb6MIOLpwQ=,UB8pQlsjLQRFs/HFAmjsgmBK2Gw=
12,-13,e+umhlrFl1kXJjf4Ajb6MIOLpwQ=,UB8pQlsjLQRFs/HFAmjsgmBK2Gw=
11,-13,e+umhlrFl1kXJjf4Ajb6MIOLpwQ=,UB8pQlsjLQRFs/HFAmjsgmBK2Gw=
0,-1,e+umhlrFl1kXJjf4Ajb6MIOLpwQ=,UB8pQlsjLQRFs/HFAmjsgmBK2Gw=
4,-1,e+umhlrFl1kXJjf4Ajb6MIOLpwQ=,UB8pQlsjLQRFs/HFAmjsgmBK2Gw=
2,-16,e+umhlrFl1kXJjf4Ajb6MIOLpwQ=,UB8pQlsjLQRFs/HFAmjsgmBK2Gw=
3,-1,e+umhlrFl1kXJjf4Ajb6MIOLpwQ=,UB8pQlsjLQRFs/HFAmjsgmBK2Gw=
10,-13,NxW4nw9rA2y+V91kC1k/mST1l68=,UB8pQlsjLQRFs/HFAmjsgmBK2Gw=
11,-2,NxW4nw9rA2y+V91kC1k/mST1l68=,UB8pQlsjLQRFs/HFAmjsgmBK2Gw=
9,-2,NxW4nw9rA2y+V91kC1k/mST1l68=,UB8pQlsjLQRFs/HFAmjsgmBK2Gw=
10,-2,NxW4nw9rA2y+V91kC1k/mST1l68=,UB8pQlsjLQRFs/HFAmjsgmBK2Gw=
0,-12,NxW4nw9rA2y+V91kC1k/mST1l68=,UB8pQlsjLQRFs/HFAmjsgmBK2Gw=
1,-16,nOJ8tldClHPyOnlkbkixKofEHHw=,UB8pQlsjLQRFs/HFAmjsgmBK2Gw=
8,-2,nOJ8tldClHPyOnlkbkixKofEHHw=,UB8pQlsjLQRFs/HFAmjsgmBK2Gw=
7,-2,nOJ8tldClHPyOnlkbkixKofEHHw=,UB8pQlsjLQRFs/HFAmjsgmBK2Gw=
1,-12,nOJ8tldClHPyOnlkbkixKofEHHw=,UB8pQlsjLQRFs/HFAmjsgmBK2Gw=
2,-12,nOJ8tldClHPyOnlkbkixKofEHHw=,UB8pQlsjLQRFs/HFAmjsgmBK2Gw=
3,-12,nOJ8tldClHPyOnlkbkixKofEHHw=,UB8pQlsjLQRFs/HFAmjsgmBK2Gw=
3,-16,nOJ8tldClHPyOnlkbkixKofEHHw=,UB8pQlsjLQRFs/HFAmjsgmBK2Gw=
6,-2,nOJ8tldClHPyOnlkbkixKofEHHw=,UB8pQlsjLQRFs/HFAmjsgmBK2Gw=
5,-2,nOJ8tldClHPyOnlkbkixKofEHHw=,UB8pQlsjLQRFs/HFAmjsgmBK2Gw=
8,-15,nOJ8tldClHPyOnlkbkixKofEHHw=,UB8pQlsjLQRFs/HFAmjsgmBK2Gw=
9,-14,nOJ8tldClHPyOnlkbkixKofEHHw=,UB8pQlsjLQRFs/HFAmjsgmBK2Gw=
7,-15,nOJ8tldClHPyOnlkbkixKofEHHw=,UB8pQlsjLQRFs/HFAmjsgmBK2Gw=
2,-1,nOJ8tldClHPyOnlkbkixKofEHHw=,UB8pQlsjLQRFs/HFAmjsgmBK2Gw=
4,-12,nOJ8tldClHPyOnlkbkixKofEHHw=,UB8pQlsjLQRFs/HFAmjsgmBK2Gw=
1,-1,nOJ8tldClHPyOnlkbkixKofEHHw=,UB8pQlsjLQRFs/HFAmjsgmBK2Gw=
7,-16,nOJ8tldClHPyOnlkbkixKofEHHw=,UB8pQlsjLQRFs/HFAmjsgmBK2Gw=
0,-16,nOJ8tldClHPyOnlkbkixKofEHHw=,UB8pQlsjLQRFs/HFAmjsgmBK2Gw=
8,-14,nOJ8tldClHPyOnlkbkixKofEHHw=,UB8pQlsjLQRFs/HFAmjsgmBK2Gw=
7,-14,nOJ8tldClHPyOnlkbkixKofEHHw=,UB8pQlsjLQRFs/HFAmjsgmBK2Gw=
1,-15,nOJ8tldClHPyOnlkbkixKofEHHw=,UB8pQlsjLQRFs/HFAmjsgmBK2Gw=
0,-15,nOJ8tldClHPyOnlkbkixKofEHHw=,UB8pQlsjLQRFs/HFAmjsgmBK2Gw=
2,-15,nOJ8tldClHPyOnlkbkixKofEHHw=,UB8pQlsjLQRFs/HFAmjsgmBK2Gw=
12,-16,nOJ8tldClHPyOnlkbkixKofEHHw=,UB8pQlsjLQRFs/HFAmjsgmBK2Gw=
4,-2,nOJ8tldClHPyOnlkbkixKofEHHw=,UB8pQlsjLQRFs/HFAmjsgmBK2Gw=
5,-12,nOJ8tldClHPyOnlkbkixKofEHHw=,UB8pQlsjLQRFs/HFAmjsgmBK2Gw=
9,-13,nOJ8tldClHPyOnlkbkixKofEHHw=,UB8pQlsjLQRFs/HFAmjsgmBK2Gw=
11,-16,nOJ8tldClHPyOnlkbkixKofEHHw=,UB8pQlsjLQRFs/HFAmjsgmBK2Gw=
10,-16,nOJ8tldClHPyOnlkbkixKofEHHw=,UB8pQlsjLQRFs/HFAmjsgmBK2Gw=
4,-15,nOJ8tldClHPyOnlkbkixKofEHHw=,UB8pQlsjLQRFs/HFAmjsgmBK2Gw=
6,-15,nOJ8tldClHPyOnlkbkixKofEHHw=,UB8pQlsjLQRFs/HFAmjsgmBK2Gw=
5,-16,nOJ8tldClHPyOnlkbkixKofEHHw=,UB8pQlsjLQRFs/HFAmjsgmBK2Gw=
3,-15,nOJ8tldClHPyOnlkbkixKofEHHw=,UB8pQlsjLQRFs/HFAmjsgmBK2Gw=
12,-3,nOJ8tldClHPyOnlkbkixKofEHHw=,UB8pQlsjLQRFs/HFAmjsgmBK2Gw=
11,-3,nOJ8tldClHPyOnlkbkixKofEHHw=,UB8pQlsjLQRFs/HFAmjsgmBK2Gw=
10,-3,nOJ8tldClHPyOnlkbkixKofEHHw=,UB8pQlsjLQRFs/HFAmjsgmBK2Gw=
9,-3,nOJ8tldClHPyOnlkbkixKofEHHw=,UB8pQlsjLQRFs/HFAmjsgmBK2Gw=
7,-3,nOJ8tldClHPyOnlkbkixKofEHHw=,UB8pQlsjLQRFs/HFAmjsgmBK2Gw=
8,-3,nOJ8tldClHPyOnlkbkixKofEHHw=,UB8pQlsjLQRFs/HFAmjsgmBK2Gw=
6,-3,nOJ8tldClHPyOnlkbkixKofEHHw=,UB8pQlsjLQRFs/HFAmjsgmBK2Gw=
6,-12,nOJ8tldClHPyOnlkbkixKofEHHw=,UB8pQlsjLQRFs/HFAmjsgmBK2Gw=
5,-3,nOJ8tldClHPyOnlkbkixKofEHHw=,UB8pQlsjLQRFs/HFAmjsgmBK2Gw=
5,-15,nOJ8tldClHPyOnlkbkixKofEHHw=,UB8pQlsjLQRFs/HFAmjsgmBK2Gw=
8,-13,nOJ8tldClHPyOnlkbkixKofEHHw=,UB8pQlsjLQRFs/HFAmjsgmBK2Gw=
9,-16,nOJ8tldClHPyOnlkbkixKofEHHw=,UB8pQlsjLQRFs/HFAmjsgmBK2Gw=
3,-2,nOJ8tldClHPyOnlkbkixKofEHHw=,UB8pQlsjLQRFs/HFAmjsgmBK2Gw=
4,-3,nOJ8tldClHPyOnlkbkixKofEHHw=,UB8pQlsjLQRFs/HFAmjsgmBK2Gw=
8,-16,nOJ8tldClHPyOnlkbkixKofEHHw=,UB8pQlsjLQRFs/HFAmjsgmBK2Gw=
6,-16,nOJ8tldClHPyOnlkbkixKofEHHw=,UB8pQlsjLQRFs/HFAmjsgmBK2Gw=
11,-4,nOJ8tldClHPyOnlkbkixKofEHHw=,UB8pQlsjLQRFs/HFAmjsgmBK2Gw=
10,-4,nOJ8tldClHPyOnlkbkixKofEHHw=,UB8pQlsjLQRFs/HFAmjsgmBK2Gw=
9,-4,nOJ8tldClHPyOnlkbkixKofEHHw=,UB8pQlsjLQRFs/HFAmjsgmBK2Gw=
12,-4,nOJ8tldClHPyOnlkbkixKofEHHw=,UB8pQlsjLQRFs/HFAmjsgmBK2Gw=
7,-4,nOJ8tldClHPyOnlkbkixKofEHHw=,UB8pQlsjLQRFs/HFAmjsgmBK2Gw=
8,-4,nOJ8tldClHPyOnlkbkixKofEHHw=,UB8pQlsjLQRFs/HFAmjsgmBK2Gw=
6,-4,nOJ8tldClHPyOnlkbkixKofEHHw=,UB8pQlsjLQRFs/HFAmjsgmBK2Gw=
5,-4,nOJ8tldClHPyOnlkbkixKofEHHw=,UB8pQlsjLQRFs/HFAmjsgmBK2Gw=
10,-14,nOJ8tldClHPyOnlkbkixKofEHHw=,UB8pQlsjLQRFs/HFAmjsgmBK2Gw=
0,-2,nOJ8tldClHPyOnlkbkixKofEHHw=,UB8pQlsjLQRFs/HFAmjsgmBK2Gw=
2,-2,nOJ8tldClHPyOnlkbkixKofEHHw=,UB8pQlsjLQRFs/HFAmjsgmBK2Gw=
4,-4,nOJ8tldClHPyOnlkbkixKofEHHw=,UB8pQlsjLQRFs/HFAmjsgmBK2Gw=
2,-3,nOJ8tldClHPyOnlkbkixKofEHHw=,UB8pQlsjLQRFs/HFAmjsgmBK2Gw=
1,-2,nOJ8tldClHPyOnlkbkixKofEHHw=,UB8pQlsjLQRFs/HFAmjsgmBK2Gw=
3,-3,nOJ8tldClHPyOnlkbkixKofEHHw=,UB8pQlsjLQRFs/HFAmjsgmBK2Gw=
12,-5,nOJ8tldClHPyOnlkbkixKofEHHw=,UB8pQlsjLQRFs/HFAmjsgmBK2Gw=
11,-5,nOJ8tldClHPyOnlkbkixKofEHHw=,UB8pQlsjLQRFs/HFAmjsgmBK2Gw=
10,-5,nOJ8tldClHPyOnlkbkixKofEHHw=,UB8pQlsjLQRFs/HFAmjsgmBK2Gw=
9,-5,nOJ8tldClHPyOnlkbkixKofEHHw=,UB8pQlsjLQRFs/HFAmjsgmBK2Gw=
8,-5,nOJ8tldClHPyOnlkbkixKofEHHw=,UB8pQlsjLQRFs/HFAmjsgmBK2Gw=
7,-5,nOJ8tldClHPyOnlkbkixKofEHHw=,UB8pQlsjLQRFs/HFAmjsgmBK2Gw=
6,-5,nOJ8tldClHPyOnlkbkixKofEHHw=,UB8pQlsjLQRFs/HFAmjsgmBK2Gw=
5,-5,nOJ8tldClHPyOnlkbkixKofEHHw=,UB8pQlsjLQRFs/HFAmjsgmBK2Gw=
4,-5,nOJ8tldClHPyOnlkbkixKofEHHw=,UB8pQlsjLQRFs/HFAmjsgmBK2Gw=
6,-13,nOJ8tldClHPyOnlkbkixKofEHHw=,UB8pQlsjLQRFs/HFAmjsgmBK2Gw=
7,-12,nOJ8tldClHPyOnlkbkixKofEHHw=,UB8pQlsjLQRFs/HFAmjsgmBK2Gw=
1,-3,nOJ8tldClHPyOnlkbkixKofEHHw=,UB8pQlsjLQRFs/HFAmjsgmBK2Gw=
0,-3,nOJ8tldClHPyOnlkbkixKofEHHw=,UB8pQlsjLQRFs/HFAmjsgmBK2Gw=
3,-5,nOJ8tldClHPyOnlkbkixKofEHHw=,UB8pQlsjLQRFs/HFAmjsgmBK2Gw=
12,-6,nOJ8tldClHPyOnlkbkixKofEHHw=,UB8pQlsjLQRFs/HFAmjsgmBK2Gw=
11,-6,nOJ8tldClHPyOnlkbkixKofEHHw=,UB8pQlsjLQRFs/HFAmjsgmBK2Gw=
10,-6,nOJ8tldClHPyOnlkbkixKofEHHw=,UB8pQlsjLQRFs/HFAmjsgmBK2Gw=
9,-6,nOJ8tldClHPyOnlkbkixKofEHHw=,UB8pQlsjLQRFs/HFAmjsgmBK2Gw=
8,-6,nOJ8tldClHPyOnlkbkixKofEHHw=,UB8pQlsjLQRFs/HFAmjsgmBK2Gw=
7,-6,nOJ8tldClHPyOnlkbkixKofEHHw=,UB8pQlsjLQRFs/HFAmjsgmBK2Gw=
6,-6,nOJ8tldClHPyOnlkbkixKofEHHw=,UB8pQlsjLQRFs/HFAmjsgmBK2Gw=
5,-6,nOJ8tldClHPyOnlkbkixKofEHHw=,UB8pQlsjLQRFs/HFAmjsgmBK2Gw=
4,-6,nOJ8tldClHPyOnlkbkixKofEHHw=,UB8pQlsjLQRFs/HFAmjsgmBK2Gw=
3,-6,nOJ8tldClHPyOnlkbkixKofEHHw=,UB8pQlsjLQRFs/HFAmjsgmBK2Gw=
7,-13,nOJ8tldClHPyOnlkbkixKofEHHw=,UB8pQlsjLQRFs/HFAmjsgmBK2Gw=
5,-13,nOJ8tldClHPyOnlkbkixKofEHHw=,UB8pQlsjLQRFs/HFAmjsgmBK2Gw=
2,-6,nOJ8tldClHPyOnlkbkixKofEHHw=,UB8pQlsjLQRFs/HFAmjsgmBK2Gw=
3,-4,nOJ8tldClHPyOnlkbkixKofEHHw=,UB8pQlsjLQRFs/HFAmjsgmBK2Gw=
12,-7,nOJ8tldClHPyOnlkbkixKofEHHw=,UB8pQlsjLQRFs/HFAmjsgmBK2Gw=
11,-7,nOJ8tldClHPyOnlkbkixKofEHHw=,UB8pQlsjLQRFs/HFAmjsgmBK2Gw=
10,-7,nOJ8tldClHPyOnlkbkixKofEHHw=,UB8pQlsjLQRFs/HFAmjsgmBK2Gw=
9,-7,nOJ8tldClHPyOnlkbkixKofEHHw=,UB8pQlsjLQRFs/HFAmjsgmBK2Gw=
8,-7,nOJ8tldClHPyOnlkbkixKofEHHw=,UB8pQlsjLQRFs/HFAmjsgmBK2Gw=
7,-7,nOJ8tldClHPyOnlkbkixKofEHHw=,UB8pQlsjLQRFs/HFAmjsgmBK2Gw=
1,-6,nOJ8tldClHPyOnlkbkixKofEHHw=,UB8pQlsjLQRFs/HFAmjsgmBK2Gw=
8,-12,nOJ8tldClHPyOnlkbkixKofEHHw=,UB8pQlsjLQRFs/HFAmjsgmBK2Gw=
6,-7,nOJ8tldClHPyOnlkbkixKofEHHw=,UB8pQlsjLQRFs/HFAmjsgmBK2Gw=
2,-5,nOJ8tldClHPyOnlkbkixKofEHHw=,UB8pQlsjLQRFs/HFAmjsgmBK2Gw=
2,-4,nOJ8tldClHPyOnlkbkixKofEHHw=,UB8pQlsjLQRFs/HFAmjsgmBK2Gw=
2,-7,nOJ8tldClHPyOnlkbkixKofEHHw=,UB8pQlsjLQRFs/HFAmjsgmBK2Gw=
1,-7,nOJ8tldClHPyOnlkbkixKofEHHw=,UB8pQlsjLQRFs/HFAmjsgmBK2Gw=
0,-6,nOJ8tldClHPyOnlkbkixKofEHHw=,UB8pQlsjLQRFs/HFAmjsgmBK2Gw=
0,-7,nOJ8tldClHPyOnlkbkixKofEHHw=,UB8pQlsjLQRFs/HFAmjsgmBK2Gw=
1,-4,nOJ8tldClHPyOnlkbkixKofEHHw=,UB8pQlsjLQRFs/HFAmjsgmBK2Gw=
11,-8,nOJ8tldClHPyOnlkbkixKofEHHw=,UB8pQlsjLQRFs/HFAmjsgmBK2Gw=
2,-13,nOJ8tldClHPyOnlkbkixKofEHHw=,UB8pQlsjLQRFs/HFAmjsgmBK2Gw=
10,-8,nOJ8tldClHPyOnlkbkixKofEHHw=,UB8pQlsjLQRFs/HFAmjsgmBK2Gw=
9,-8,nOJ8tldClHPyOnlkbkixKofEHHw=,UB8pQlsjLQRFs/HFAmjsgmBK2Gw=
8,-8,nOJ8tldClHPyOnlkbkixKofEHHw=,UB8pQlsjLQRFs/HFAmjsgmBK2Gw=
7,-8,nOJ8tldClHPyOnlkbkixKofEHHw=,UB8pQlsjLQRFs/HFAmjsgmBK2Gw=
4,-13,nOJ8tldClHPyOnlkbkixKofEHHw=,UB8pQlsjLQRFs/HFAmjsgmBK2Gw=
12,-8,nOJ8tldClHPyOnlkbkixKofEHHw=,UB8pQlsjLQRFs/HFAmjsgmBK2Gw=
0,-4,nOJ8tldClHPyOnlkbkixKofEHHw=,UB8pQlsjLQRFs/HFAmjsgmBK2Gw=
3,-13,nOJ8tldClHPyOnlkbkixKofEHHw=,UB8pQlsjLQRFs/HFAmjsgmBK2Gw=
1,-5,nOJ8tldClHPyOnlkbkixKofEHHw=,UB8pQlsjLQRFs/HFAmjsgmBK2Gw=
1,-8,nOJ8tldClHPyOnlkbkixKofEHHw=,UB8pQlsjLQRFs/HFAmjsgmBK2Gw=
0,-8,nOJ8tldClHPyOnlkbkixKofEHHw=,UB8pQlsjLQRFs/HFAmjsgmBK2Gw=
12,-9,nOJ8tldClHPyOnlkbkixKofEHHw=,UB8pQlsjLQRFs/HFAmjsgmBK2Gw=
11,-9,nOJ8tldClHPyOnlkbkixKofEHHw=,UB8pQlsjLQRFs/HFAmjsgmBK2Gw=
10,-9,nOJ8tldClHPyOnlkbkixKofEHHw=,UB8pQlsjLQRFs/HFAmjsgmBK2Gw=
1,-13,nOJ8tldClHPyOnlkbkixKofEHHw=,UB8pQlsjLQRFs/HFAmjsgmBK2Gw=
9,-9,nOJ8tldClHPyOnlkbkixKofEHHw=,UB8pQlsjLQRFs/HFAmjsgmBK2Gw=
8,-9,nOJ8tldClHPyOnlkbkixKofEHHw=,UB8pQlsjLQRFs/HFAmjsgmBK2Gw=
2,-8,nOJ8tldClHPyOnlkbkixKofEHHw=,UB8pQlsjLQRFs/HFAmjsgmBK2Gw=
4,-7,nOJ8tldClHPyOnlkbkixKofEHHw=,UB8pQlsjLQRFs/HFAmjsgmBK2Gw=
9,-12,nOJ8tldClHPyOnlkbkixKofEHHw=,UB8pQlsjLQRFs/HFAmjsgmBK2Gw=
5,-7,nOJ8tldClHPyOnlkbkixKofEHHw=,UB8pQlsjLQRFs/HFAmjsgmBK2Gw=
7,-9,nOJ8tldClHPyOnlkbkixKofEHHw=,UB8pQlsjLQRFs/HFAmjsgmBK2Gw=
0,-5,nOJ8tldClHPyOnlkbkixKofEHHw=,UB8pQlsjLQRFs/HFAmjsgmBK2Gw=
6,-8,nOJ8tldClHPyOnlkbkixKofEHHw=,UB8pQlsjLQRFs/HFAmjsgmBK2Gw=
10,-12,nOJ8tldClHPyOnlkbkixKofEHHw=,UB8pQlsjLQRFs/HFAmjsgmBK2Gw=
6,-9,nOJ8tldClHPyOnlkbkixKofEHHw=,UB8pQlsjLQRFs/HFAmjsgmBK2Gw=
4,-8,nOJ8tldClHPyOnlkbkixKofEHHw=,UB8pQlsjLQRFs/HFAmjsgmBK2Gw=
3,-7,nOJ8tldClHPyOnlkbkixKofEHHw=,UB8pQlsjLQRFs/HFAmjsgmBK2Gw=
1,-9,nOJ8tldClHPyOnlkbkixKofEHHw=,UB8pQlsjLQRFs/HFAmjsgmBK2Gw=
2,-9,nOJ8tldClHPyOnlkbkixKofEHHw=,UB8pQlsjLQRFs/HFAmjsgmBK2Gw=
6,-14,nOJ8tldClHPyOnlkbkixKofEHHw=,UB8pQlsjLQRFs/HFAmjsgmBK2Gw=
12,-10,nOJ8tldClHPyOnlkbkixKofEHHw=,UB8pQlsjLQRFs/HFAmjsgmBK2Gw=
5,-8,nOJ8tldClHPyOnlkbkixKofEHHw=,UB8pQlsjLQRFs/HFAmjsgmBK2Gw=
5,-14,nOJ8tldClHPyOnlkbkixKofEHHw=,UB8pQlsjLQRFs/HFAmjsgmBK2Gw=
0,-9,nOJ8tldClHPyOnlkbkixKofEHHw=,UB8pQlsjLQRFs/HFAmjsgmBK2Gw=
9,-10,nOJ8tldClHPyOnlkbkixKofEHHw=,UB8pQlsjLQRFs/HFAmjsgmBK2Gw=
0,-13,nOJ8tldClHPyOnlkbkixKofEHHw=,UB8pQlsjLQRFs/HFAmjsgmBK2Gw=
11,-12,nOJ8tldClHPyOnlkbkixKofEHHw=,UB8pQlsjLQRFs/HFAmjsgmBK2Gw=
11,-10,nOJ8tldClHPyOnlkbkixKofEHHw=,UB8pQlsjLQRFs/HFAmjsgmBK2Gw=
8,-10,nOJ8tldClHPyOnlkbkixKofEHHw=,UB8pQlsjLQRFs/HFAmjsgmBK2Gw=
1,-14,nOJ8tldClHPyOnlkbkixKofEHHw=,UB8pQlsjLQRFs/HFAmjsgmBK2Gw=
0,-14,nOJ8tldClHPyOnlkbkixKofEHHw=,UB8pQlsjLQRFs/HFAmjsgmBK2Gw=
12,-15,nOJ8tldClHPyOnlkbkixKofEHHw=,UB8pQlsjLQRFs/HFAmjsgmBK2Gw=
5,-9,nOJ8tldClHPyOnlkbkixKofEHHw=,UB8pQlsjLQRFs/HFAmjsgmBK2Gw=
2,-14,nOJ8tldClHPyOnlkbkixKofEHHw=,UB8pQlsjLQRFs/HFAmjsgmBK2Gw=
10,-10,nOJ8tldClHPyOnlkbkixKofEHHw=,UB8pQlsjLQRFs/HFAmjsgmBK2Gw=
7,-10,nOJ8tldClHPyOnlkbkixKofEHHw=,UB8pQlsjLQRFs/HFAmjsgmBK2Gw=
4,-16,nOJ8tldClHPyOnlkbkixKofEHHw=,UB8pQlsjLQRFs/HFAmjsgmBK2Gw=
3,-8,nOJ8tldClHPyOnlkbkixKofEHHw=,UB8pQlsjLQRFs/HFAmjsgmBK2Gw=
12,-14,nOJ8tldClHPyOnlkbkixKofEHHw=,UB8pQlsjLQRFs/HFAmjsgmBK2Gw=
12,-12,nOJ8tldClHPyOnlkbkixKofEHHw=,UB8pQlsjLQRFs/HFAmjsgmBK2Gw=
11,-15,nOJ8tldClHPyOnlkbkixKofEHHw=,UB8pQlsjLQRFs/HFAmjsgmBK2Gw=
4,-9,nOJ8tldClHPyOnlkbkixKofEHHw=,UB8pQlsjLQRFs/HFAmjsgmBK2Gw=
2,-10,nOJ8tldClHPyOnlkbkixKofEHHw=,UB8pQlsjLQRFs/HFAmjsgmBK2Gw=
10,-15,nOJ8tldClHPyOnlkbkixKofEHHw=,UB8pQlsjLQRFs/HFAmjsgmBK2Gw=
6,-10,nOJ8tldClHPyOnlkbkixKofEHHw=,UB8pQlsjLQRFs/HFAmjsgmBK2Gw=
3,-9,nOJ8tldClHPyOnlkbkixKofEHHw=,UB8pQlsjLQRFs/HFAmjsgmBK2Gw=
1,-10,nOJ8tldClHPyOnlkbkixKofEHHw=,UB8pQlsjLQRFs/HFAmjsgmBK2Gw=
9,-15,nOJ8tldClHPyOnlkbkixKofEHHw=,UB8pQlsjLQRFs/HFAmjsgmBK2Gw=
3,-14,nOJ8tldClHPyOnlkbkixKofEHHw=,UB8pQlsjLQRFs/HFAmjsgmBK2Gw=
4,-14,nOJ8tldClHPyOnlkbkixKofEHHw=,UB8pQlsjLQRFs/HFAmjsgmBK2Gw=
12,-11,nOJ8tldClHPyOnlkbkixKofEHHw=,UB8pQlsjLQRFs/HFAmjsgmBK2Gw=
3,-10,nOJ8tldClHPyOnlkbkixKofEHHw=,UB8pQlsjLQRFs/HFAmjsgmBK2Gw=
5,-10,nOJ8tldClHPyOnlkbkixKofEHHw=,UB8pQlsjLQRFs/HFAmjsgmBK2Gw=
11,-11,nOJ8tldClHPyOnlkbkixKofEHHw=,UB8pQlsjLQRFs/HFAmjsgmBK2Gw=
4,-11,nOJ8tldClHPyOnlkbkixKofEHHw=,UB8pQlsjLQRFs/HFAmjsgmBK2Gw=
3,-11,nOJ8tldClHPyOnlkbkixKofEHHw=,UB8pQlsjLQRFs/HFAmjsgmBK2Gw=
2,-11,nOJ8tldClHPyOnlkbkixKofEHHw=,UB8pQlsjLQRFs/HFAmjsgmBK2Gw=
10,-11,nOJ8tldClHPyOnlkbkixKofEHHw=,UB8pQlsjLQRFs/HFAmjsgmBK2Gw=
6,-11,nOJ8tldClHPyOnlkbkixKofEHHw=,UB8pQlsjLQRFs/HFAmjsgmBK2Gw=
5,-11,nOJ8tldClHPyOnlkbkixKofEHHw=,UB8pQlsjLQRFs/HFAmjsgmBK2Gw=
0,-11,nOJ8tldClHPyOnlkbkixKofEHHw=,UB8pQlsjLQRFs/HFAmjsgmBK2Gw=
4,-10,nOJ8tldClHPyOnlkbkixKofEHHw=,UB8pQlsjLQRFs/HFAmjsgmBK2Gw=
7,-11,nOJ8tldClHPyOnlkbkixKofEHHw=,UB8pQlsjLQRFs/HFAmjsgmBK2Gw=
9,-11,nOJ8tldClHPyOnlkbkixKofEHHw=,UB8pQlsjLQRFs/HFAmjsgmBK2Gw=
0,-10,nOJ8tldClHPyOnlkbkixKofEHHw=,UB8pQlsjLQRFs/HFAmjsgmBK2Gw=
1,-11,nOJ8tldClHPyOnlkbkixKofEHHw=,UB8pQlsjLQRFs/HFAmjsgmBK2Gw=
11,-14,nOJ8tldClHPyOnlkbkixKofEHHw=,UB8pQlsjLQRFs/HFAmjsgmBK2Gw=
8,-11,nOJ8tldClHPyOnlkbkixKofEHHw=,UB8pQlsjLQRFs/HFAmjsgmBK2Gw=
